folder_name,site,image_name,species,year,fish_area,ac_area,ac_ratio,fl,weight,sex,ac_ratio_old,,,
IK,IK,P8230611.jpg,WSC,1+,509193,148762,0.292152484,93,8.8,2,0.247843156,,,
IK,IK,P8230613.jpg,WSC,0+,365427,54080,0.147991254,81,5.6,3,0.155363452,,,
IK,IK,P8230615.jpg,WSC,0+,333013,61790,0.185548312,78,4.6,2,0.131313192,,,
IK,IK,P8230617.jpg,WSC,0+,564926,61613,0.109063842,89,7.2,2,0.175635393,,,
IK,IK,P8230619.jpg,DV,2+,656990,18792,0.028603175,146,30.9,2,0.034580435,,,
IK,IK,P8230621.jpg,WSC,0+,420214,63224,0.150456672,78,4.9,2,0.167957279,,,
IK,IK,P8230623.jpg,WSC,0+,592650,184938,0.312052645,95,8.9,2,0.26492871,,,
IK,IK,P8230625.jpg,WSC,0+,404393,28138,0.069580829,72,3.9,,0.026293729,,,
IK,IK,P8230627.jpg,DV,2+,576541,19769,0.034288975,135,22.6,2,0.051297306,,,
IK,IK,P8230629.jpg,DV,2+,659699,5160,0.007821749,144,28.5,2,0.012531473,,,
IK,IK,P8230631.jpg,WSC,0+,408411,73493,0.17994863,92,8.6,2,0.199850151,,,
IK,IK,P8230633.jpg,WSC,0+,440759,90621,0.205602154,77,4.5,2,0.173934055,,,
IK,IK,P8230635.jpg,WSC,0+,519998,92721,0.178310301,91,7.7,2,0.196723834,,,
IK,IK,P8230637.jpg,WSC,0+,514319,104147,0.20249495,75,4.2,3,0.197449443,,,
IK,IK,P8230639.jpg,WSC,1+,708604,156146,0.220357209,155,43.7,2,0.234153349,,,
IK,IK,P8230641.jpg,WSC,1+,428262,94138,0.219816374,102,11.1,3,0.219816374,,,
IK,IK,P8230643.jpg,WSC,0+,499798,68220,0.136495144,86,5.9,2,0.136092982,,,
IK,IK,P8230645.jpg,WSC,0+,638622,168460,0.263786716,89,7.4,2,0.205562915,,,
IK,IK,P8230647.jpg,WSC,0+,573940,70803,0.123363069,81,5.4,2,0.155157334,,,
IK,IK,P8230649.jpg,WSC,0+,653280,199244,0.304990203,88,8,2,0.245669544,,,
IK,IK,P8230651.jpg,DV,2+,793675,58211,0.073343623,138,28.9,2,0.055561785,,,
IK,IK,P8230653.jpg,WSC,1+,499602,171103,0.342478613,108,13.3,3,0.368028951,,,
IK,IK,P8230655.jpg,WSC,0+,550592,109314,0.198539027,82,5.6,3,0.17921074,,,
IK,IK,P8230657.jpg,WSC,0+,633091,166217,0.262548354,94,8.2,3,0.288694674,,,
IK,IK,P8230659.jpg,WSC,1+,527233,153675,0.291474547,105,12.8,3,0.330629911,,,
IK,IK,P8230661.jpg,WSC,1+,589268,203972,0.346144708,106,12.7,2,0.329293293,,,
IK,IK,P8230663.jpg,WSC,0+,512453,72241,0.140970977,63,2.5,2,0.132318476,,,
IK,IK,P8230665.jpg,WSC,0+,569646,74132,0.130136962,74,4,2,0.169875677,,,
IK,IK,P8230667.jpg,WSC,0+,510764,80893,0.158376471,71,4.2,2,0.13744704,,,
IK,IK,P8230669.jpg,WSC,0+,460193,81121,0.176276041,79,5.1,2,0.162890353,,,
IK,IK,P8230671.jpg,WSC,0+,530100,132069,0.249139785,93,8.7,2,0.258477646,,,
IK,IK,P8230673.jpg,WSC,0+,241181,36855,0.152810545,83,6.2,2,0.160594258,,,
IK,IK,P8230675.jpg,WSC,0+,447053,116208,0.259942333,92,8.6,3,0.207642047,,,
IK,IK,P8230677.jpg,WSC,0+,595153,3165,0.00531796,74,4.4,3,0.020204888,,,
IK,IK,P8230680.jpg,WSC,1+,806478,72570,0.089983856,180,60.7,3,0.090799749,,,
IK,IK,P8230682.jpg,WSC,0+,407313,94587,0.232221903,81,5.4,2,0.225175725,,,
IK,IK,P8230684.jpg,WSC,0+,524721,57507,0.109595385,88,7.2,2,0.123595206,,,
IK,IK,P8230686.jpg,WSC,0+,473697,43618,0.092079958,72,3.5,2,0.058072988,,,
IK,IK,P8230688.jpg,WSC,0+,473330,116636,0.24641582,90,7,3,0.246559483,,,
IK,IK,P8230690.jpg,WSC,0+,550472,113375,0.205959613,90,7.4,3,0.254096484,,,
IK,IK,P8230692.jpg,WSC,0+,764576,257059,0.336211181,97,10.3,2,0.326217407,,,
IK,IK,P8230695.jpg,WSC,1+,809844,3743,0.004621878,231,135.4,3,0.004027936,,,
IK,IK,P8230697.jpg,WSC,1+,415183,106280,0.255983506,101,9.9,2,0.229113427,,,
IK,IK,P8230699.jpg,WSC,1+,826295,18341,0.022196673,183,67.2,3,0.022196673,,,
IK,IK,P8230701.jpg,WSC,1+,839901,63426,0.075516043,195,86.4,3,0.108391346,,,
IK,IK,P8230703.jpg,WSC,0+,422063,62197,0.147364256,96,9.8,3,0.156782281,,,
IK,IK,P8230705.jpg,WSC,1+,633931,155632,0.245503059,113,16.9,3,0.254945728,,,
IK,IK,P8230707.jpg,WSC,0+,390212,87125,0.223276065,82,5.6,3,0.242860291,,,
IK,IK,P8230709.jpg,WSC,1+,767977,5311,0.006915572,239,151,3,0.002884201,,,
IK,IK,P8230711.jpg,WSC,0+,300772,65057,0.216300055,76,4.5,3,0.286137007,,,
IK,IK,P8230713.jpg,WSC,1+,707965,33946,0.047948698,164,48.8,3,0.072195659,,,
IK,IK,P8230715.jpg,WSC,1+,502413,150325,0.299206032,104,11.9,3,0.265437001,,,
IK,IK,P8230717.jpg,WSC,1+,431008,101076,0.234510728,102,11.2,2,0.226380949,,,
IK,IK,P8230719.jpg,WSC,1+,626259,23807,0.038014623,158,40,3,0.053313405,,,
IK,IK,P8230721.jpg,WSC,0+,358081,30000,0.083779927,83,5.9,3,0.155383838,,,
IK,IK,P8230723.jpg,WSC,1+,778947,18442,0.023675552,177,57.4,2,0.063173746,,,
IK,IK,P8230725.jpg,DV,2+,456277,18776,0.041150442,132,22.2,3,0.053384238,,,
IK,IK,P8230727.jpg,DV,2+,489272,22351,0.045682156,134,24.3,3,0.053632744,,,
IK,IK,P8230729.jpg,WSC,0+,517556,95288,0.184111478,101,11,3,0.219172418,,,
IK,IK,P8230731.jpg,WSC,1+,516781,21808,0.042199694,132,25.6,3,0.042199694,,,
MS_T50,MS_T50,P8209941.jpg,WSC,,909912,453,0.00049785,380,,,0.001979312,,,
MS_T50,MS_T50,P8209952 .jpg,WSC,,981702,9410,0.009585394,287,,,0.007929086,,,
MS_T50,MS_T50,P8209958.jpg,WSC,,969282,2794,0.002882546,377,,,0.002250119,,,
MS_T50,MS_T50,P8209972.jpg,WSC,,1077339,7726,0.007171373,363,,,0.006394459,,,
MS_T50,MS_T50,P8230744.jpg,DV,,825233,7337,0.008890822,145,32.4,,0.015682844,,,
MS_T50,MS_T50,P8230746.jpg,DV,,749250,22015,0.029382716,137,28.9,,0.024058725,,,
MS_T50,MS_T50,P8230748.jpg,DV,,819408,7925,0.009671617,123,20.6,,0.04838005,,,
MS_T50,MS_T50,P8230750.jpg,DV,,864598,36117,0.041773171,139,28.3,,0.052636023,,,
MS_T50,MS_T50,P8230752.jpg,WSC,,703296,173953,0.247339669,140,28.2,,0.270052723,,,
MS_T54,MS_T54,P8109691.jpg,WSC,,879992,516161,0.478233893,184,,,0.478233893,,,
MS_T54,MS_T54,P8109698.jpg,WSC,,560718,270082,0.481671714,152,,,0.40227173,,,
MS_T54,MS_T54,P8109701.jpg,WSC,,1100333,266636,0.242323006,212,100,,0.228924335,,,
MS_T54,MS_T54,P8109705.jpg,WSC,,624222,202758,0.324817132,114,,,0.319546572,,,
MS_T54,MS_T54,P8109710.jpg,WSC,,652463,27021,0.041413843,176,,,0.189075856,,,
MS_T54,MS_T54,P8109714.jpg,WSC,,911243,371779,0.407991063,218,,,0.346483869,,,
MS_T54,MS_T54,P8109720.jpg,WSC,,853130,301298,0.353167747,147,,,0.333508375,,,
MS_T54,MS_T54,P8109727.jpg,WSC,,1083342,122783,0.113337247,206,110,,0.222317606,,,
MS_T13,MS_T13,P8139767.jpg,WSC,,1515409,74,4.88E-05,456,840,,1.39E-05,,,
MS_T13,MS_T13,P8139776.jpg,WSC,,1125744,7129,0.006332701,310,340,,0.006010247,,,
MS_T13,MS_T13,P9050754.jpg,WSC,,710107,203101,0.286014643,146,31.6,,0.272537801,,,
MS_T13,MS_T13,P9050757.jpg,WSC,,816969,40059,0.049033684,182,60.6,,0.130284013,,,
MS_T13,MS_T13,P9130760.jpg,WSC,,816887,22957,0.02810303,424,,,0.021985905,,,
MS_T13,MS_T13,P9130763.jpg,WSC,,773922,16453,0.021259248,240,152.2,,0.025948351,,,
MS_T13,MS_T13,P9130765.jpg,WSC,,797124,25476,0.031959896,203,97.6,,0.026560485,,,
MS_T13,MS_T13,P9130767.jpg,WSC,,769693,57786,0.075076686,166,47.4,,0.098201491,,,
MS_T13,MS_T13,P9130769.jpg,WSC,,706860,39978,0.056557168,164,50.4,,0.064155561,,,
MS_T13,MS_T13,P9130771 .jpg,WSC,,840485,109258,0.129993992,175,53.2,,0.185935502,,,
MS_T13,MS_T13,P9130773.jpg,WSC,,728815,122753,0.168428202,153,36.4,,0.160114707,,,
MS_T13,MS_T13,P9130775.jpg,WSC,,655742,107965,0.164645547,136,26.2,,0.28245255,,,
MS_T13,MS_T13,P9130777.jpg,WSC,,739484,197817,0.267506802,168,43.6,,0.3245317,,,
MS_T13,MS_T13,P9130779.jpg,WSC,,617196,93765,0.151920946,151,32.4,,0.146974381,,,
MS_T13,MS_T13,P9130781.jpg,WSC,,702303,127703,0.181834621,136,24.5,,0.222161944,,,
MS_T13,MS_T13,P9130784.jpg,WSC,,707292,230220,0.325494987,165,44.9,,0.323491571,,,
MS_T13,MS_T13,P9130786.jpg,WSC,,784589,102999,0.13127765,178,57.4,,0.16821801,,,
MS_T13,MS_T13,P9130788.jpg,WSC,,699771,189502,0.270805735,147,32.2,,0.143767032,,,
MS_T13,MS_T13,P9130790.jpg,WSC,,686134,54909,0.080026642,141,28.2,,0.129629198,,,
MS_T13,MS_T13,P9130792.jpg,WSC,,636741,103330,0.162279483,115,14.1,,0.156116851,,,
MS_T13,MS_T13,P9130794.jpg,DV,,665055,173640,0.261091188,143,26.6,,0.257592229,,,
MS_T13,MS_T13,P9130797.jpg,DV,,628992,29012,0.046124593,140,30.2,,0.045262897,,,
MS_T13,MS_T13,P9130799.jpg,DV,,594031,13995,0.023559377,135,23.4,,0.035358424,,,
SS,SS,P8220321.jpg,DV,2+,974180,339622,0.348623458,163,41.4,2,0.285416453,,,
SS,SS,P8220323.jpg,DV,2+,764384,150397,0.196755819,174,52.1,2,0.16614555,,,
SS,SS,P8220325.jpg,DV,2+,659062,210982,0.320124662,150,33.9,2,0.254143009,,,
SS,SS,P8220327.jpg,DV,1+,325620,12492,0.038363737,78,4.7,3,0.04864259,,,
SS,SS,P8220331.jpg,DV,2+,709494,298137,0.420212086,230,108.1,3,0.420212086,,,
SS,SS,P8220334.jpg,DV,2+,614425,148405,0.241534768,125,21.3,2,0.25608333,,,
SS,SS,P8220336.jpg,WSC,1+,825413,248464,0.301017794,155,38.3,2,0.286973915,,,
SS,SS,P8220338.jpg,WSC,1+,583317,185767,0.318466631,114,15,,0.329513798,,,
SS,SS,P8220340.jpg,DV,2+,935801,304723,0.325627991,146,31.1,3,0.242560117,,,
SS,SS,P8220342.jpg,DV,1+,342237,14538,0.042479334,86,5.9,2,0.052115931,,,
SS,SS,P8220344.jpg,DV,1+,468267,29531,0.063064448,101,9.5,2,0.07137381,,,
SS,SS,P8220346.jpg,DV,2+,646420,31486,0.04870827,115,16.2,3,0.015423409,,,
SS,SS,P8220348.jpg,DV,2+,974125,285026,0.292596946,171,48.3,3,0.245161555,,,
SS,SS,P8220350.jpg,WSC,1+,500935,100288,0.200201623,115,17.2,2,0.209041093,,,
SS,SS,P8220353.jpg,WSC,0+,306939,11730,0.038216062,56,1.6,,0.032276772,,,
SS,SS,P8220355.jpg,DV,0+,291204,5007,0.017194132,61,1.9,2,0.012850098,,,
SS,SS,P8220357.jpg,WSC,0+,204530,19751,0.096567741,47,0.9,2,0.102816213,,,
SS,SS,P8220359.jpg,WSC,1+,788204,299635,0.380149048,134,26.8,2,0.259478511,,,
SS,SS,P8220361.jpg,WSC,1+,793460,182434,0.229922113,126,21.4,3,0.254567338,,,
SS,SS,P8220363.jpg,WSC,1+,482753,78864,0.163363045,88,6.9,3,0.177432352,,,
SS,SS,P8220365.jpg,WSC,1+,627727,208534,0.332204923,132,22.8,3,0.3381693,,,
SS,SS,P8220367.jpg,DV,2+,725119,272387,0.375644549,152,37.9,3,0.269070318,,,
SS,SS,P8220369 .jpg,DV,2+,917129,342901,0.373885244,182,53.1,2,0.326403374,,,
SS,SS,P8220372.jpg,DV,2+,840449,239649,0.285144012,164,47.8,0,0.242485862,,,
SS,SS,P8220374.jpg,WSC,1+,685189,99477,0.14518184,111,14.5,,0.173719952,,,
SS,SS,P8220376.jpg,DV,2+,685975,167887,0.244742155,149,35,2,0.220566347,,,
SS,SS,P8220378.jpg,DV,2+,786013,300352,0.382120906,155,36.5,3,0.347051512,,,
SS,SS,P8220380.jpg,DV,2+,671433,115432,0.171918866,153,33.9,3,0.206643105,,,
SS,SS,P8220382.jpg,DV,1+,485595,15575,0.032074053,102,12.4,,0.048219195,,,
SS,SS,P8220384.jpg,DV,2+,773275,269200,0.348129708,169,45,2,0.275026349,,,
SS,SS,P8220387.jpg,DV,2+,437316,16146,0.036920671,98,8.6,2,0.048193983,,,
SS,SS,P8220389.jpg,DV,1+,401856,18869,0.046954631,89,7.1,2,0.054288103,,,
SS,SS,P8220391.jpg,DV,2+,837557,349574,0.417373385,185,64,1,0.336129959,,,
SS,SS,P8220395.jpg,WSC,0+,213858,4909,0.022954484,52,1,,0.0253673,,,
SS,SS,P8220397.jpg,WSC,1+,752964,173418,0.2303138,167,51.9,3,0.277946887,,,
SS,SS,P8220399.jpg,WSC,1+,573664,145360,0.253388743,117,18.3,,0.238404362,,,
SS,SS,P8220401.jpg,WSC,1+,604746,97538,0.161287549,102,10.7,,0.161287549,,,
SS,SS,P8220404.jpg,DV,2+,767891,41059,0.053469828,156,37.1,0,0.071137701,,,
SS,SS,P8220406.jpg,DV,2+,443055,14959,0.033763303,105,11.5,2,0.04203767,,,
SS,SS,P8220408.jpg,DV,2+,763342,65971,0.08642391,122,19.2,2,0.116626623,,,
SS,SS,P8220411.jpg,WSC,1+,589300,171890,0.29168505,127,20.2,3,0.283378585,,,
SS,SS,P8220413.jpg,WSC,1+,835023,193207,0.231384046,128,20.7,2,0.231384046,,,
SS,SS,P8220415.jpg,WSC,1+,616195,162104,0.263072566,122,19,3,0.258223452,,,
SS,SS,P8220417.jpg,WSC,1+,686061,196132,0.285881285,115,15.8,2,0.289035523,,,
SS,SS,P8220419.jpg,WSC,1+,485066,96508,0.198958492,103,11.6,3,0.223819027,,,
SS,SS,P8220422.jpg,DV,2+,803951,304518,0.378776816,187,64.3,1,0.328427976,,,
SS,SS,P8220426.jpg,WSC,1+,805326,194072,0.240985638,176,53.7,2,0.179245424,,,
SS,SS,P8220429.jpg,DV,2+,612273,245554,0.401053125,158,41.5,2,0.310849899,,,
SS,SS,P8220431.jpg,WSC,1+,202534,65996,0.325851462,120,16.5,,0.479726861,,,
SS,SS,P8220433.jpg,WSC,1+,471661,105727,0.224158877,115,15.5,3,0.235904601,,,
SS,SS,P8220435.jpg,WSC,1+,594344,122525,0.206151656,132,25.7,2,0.26065881,,,
SS,SS,P8220438.jpg,DV,2+,740439,247327,0.334027516,172,49.2,1,0.315720809,,,
SS,SS,P8220440.jpg,WSC,1+,727322,75235,0.103441117,100,11,,0.151491361,,,
SS,SS,P8220443.jpg,WSC,1+,537779,85680,0.159321952,100,10.2,2,0.17825538,,,
SS,SS,P8220445.jpg,DV,0+,208522,400,0.001918263,45,0.7,2,0.000992701,,,
SS,SS,P8220447.jpg,WSC,0+,261353,22259,0.085168336,59,1.9,,0.130685318,,,
SS,SS,P8220449.jpg,WSC,0+,263484,26498,0.100567776,57,1.8,3,0.094521869,,,
SS,SS,P8220451.jpg,WSC,0+,364608,22436,0.06153458,62,2.2,,0.092803778,,,
SS,SS,P8220453 .jpg,WSC,0+,224431,10811,0.048170707,44,0.8,,0.0343981,,,
SS,SS,P8220455.jpg,WSC,0+,315097,21285,0.067550627,56,1.6,2,0.031574404,,,
SS,SS,P8220456.jpg,WSC,1+,500370,110004,0.219845314,97,10.9,2,0.204798449,,,
SS,SS,P8220459.jpg,WSC,1+,557361,60029,0.107702189,104,11.4,2,0.181941327,,,
SZ,SZ,P8210001.jpg,DV,1+,539101,18299,0.033943547,129,20.5,2,0.045327313,,,
SZ,SZ,P8210004.jpg,DV,1+,525116,22756,0.043335187,136,24.6,2,0.051129655,,,
SZ,SZ,P8210006.jpg,DV,1+,497422,21553,0.043329406,119,16.3,2,0.054058727,,,
SZ,SZ,P8210008.jpg,WSC,0+,297116,68147,0.229361596,79,4.7,3,0.231094926,,,
SZ,SZ,P8210010.jpg,WSC,0+,266816,46473,0.174176211,80,4.5,3,0.179674382,,,
SZ,SZ,P8210012.jpg,WSC,0+,426536,85745,0.201026408,92,7.3,2,0.187883321,,,
SZ,SZ,P8210014.jpg,DV,1+,424542,19119,0.045034414,113,13.3,2,0.057843511,,,
SZ,SZ,P8210016.jpg,WSC,1+,620465,170953,0.275524002,154,40.2,2,0.287526291,,,
SZ,SZ,P8210018.jpg,WSC,1+,562769,233733,0.415326715,178,60.2,3,0.392086273,,,
SZ,SZ,P8210020.jpg,WSC,1+,672110,249898,0.371811162,152,40.6,3,0.397792028,,,
SZ,SZ,P8210022.jpg,WSC,1+,652416,185733,0.284684925,139,29.3,,0.218307031,,,
SZ,SZ,P8210024.jpg,WSC,1+,493019,72824,0.147710332,118,15.5,,0.207996041,,,
SZ,SZ,P8210027.jpg,DV,1+,561735,60382,0.107491967,117,15.3,2,0.132149501,,,
SZ,SZ,P8210030.jpg,DV,1+,596421,90361,0.151505396,131,21.2,3,0.141269338,,,
SZ,SZ,P8210032.jpg,WSC,0+,237989,14272,0.059969158,75,4.6,,0.061406199,,,
SZ,SZ,P8210034.jpg,WSC,1+,576065,130979,0.227368439,155,35.8,2,0.135033373,,,
SZ,SZ,P8210036.jpg,DV,1+,613830,26725,0.043538113,153,33.9,3,0.062986495,,,
SZ,SZ,P8210038.jpg,DV,1+,686801,34575,0.050342093,130,20,2,0.067485341,,,
SZ,SZ,P8210040.jpg,DV,1+,649302,228542,0.35198105,129,21.9,3,0.311520679,,,
SZ,SZ,P8210043.jpg,DV,1+,700998,52789,0.075305493,150,34.4,2,0.07054799,,,
SZ,SZ,P8210046.jpg,WSC,1+,701154,137960,0.196761339,138,25.8,2,0.181382407,,,
SZ,SZ,P8210049.jpg,WSC,0+,333593,44513,0.133435054,79,5.2,,0.136789441,,,
SZ,SZ,P8210052.jpg,WSC,1+,541679,183592,0.33893136,140,27.4,3,0.306580096,,,
SZ,SZ,P8210056.jpg,WSC,1+,527399,102023,0.19344557,108,12.5,2,0.205004181,,,
SZ,SZ,P8210059.jpg,WSC,0+,381583,73178,0.191774791,78,4.5,,0.216178394,,,
SZ,SZ,P8210062.jpg,WSC,1+,609408,189835,0.311507233,142,30,2,0.331479075,,,
SZ,SZ,P8210064.jpg,DV,1+,637671,100665,0.157863538,152,32.6,2,0.132653045,,,
SZ,SZ,P8210067.jpg,WSC,1+,545758,154652,0.283371018,124,18.1,3,0.331738609,,,
SZ,SZ,P8210069.jpg,WSC,1+,829733,266450,0.321127399,155,40.2,2,0.334370213,,,
SZ,SZ,P8210071.jpg,WSC,0+,345639,67312,0.194746542,87,6.7,3,0.192701055,,,
SZ,SZ,P8210073.jpg,WSC,0+,253500,20432,0.080599606,67,2.9,3,0.115585799,,,
SZ,SZ,P8210075.jpg,WSC,1+,753531,189173,0.251048729,149,31.4,3,0.240649688,,,
SZ,SZ,P8210077.jpg,WSC,1+,413781,46866,0.113262813,108,12.2,,0.188181671,,,
SZ,SZ,P8210079.jpg,WSC,1+,425138,68190,0.160394978,104,10.6,2,0.187687292,,,
SZ,SZ,P8210082.jpg,WSC,1+,591134,125588,0.212452676,134,23.1,3,0.254436388,,,
SZ,SZ,P8210084.jpg,DV,1+,672104,300993,0.447836942,148,36.3,3,0.30193839,,,
SZ,SZ,P8210086.jpg,DV,1+,641138,63749,0.099431012,134,22.3,3,0.080878064,,,
SZ,SZ,P8210088.jpg,WSC,0+,283180,61655,0.217723709,77,5.3,3,0.233487534,,,
SZ,SZ,P8210090 .jpg,WSC,0+,358760,50106,0.1396644,77,4.6,2,0.139639313,,,
SZ,SZ,P8210093.jpg,WSC,0+,263273,14356,0.054528949,68,3.1,2,0.06088357,,,
SZ,SZ,P8210096.jpg,WSC,1+,558000,65968,0.118222222,119,15.7,2,0.170575269,,,
SZ,SZ,P8210099.jpg,WSC,1+,521811,60205,0.115377023,125,19,2,0.132981099,,,
SZ,SZ,P8210102.jpg,WSC,0+,271260,9148,0.033724102,63,2.7,3,0.083270663,,,
SZ,SZ,P8210104.jpg,WSC,1+,565913,150248,0.26549664,104,11.7,2,0.25831179,,,
SZ,SZ,P8210107.jpg,WSC,1+,647016,29757,0.045991135,131,22.7,,0.067823671,,,
SZ,SZ,P8219975.jpg,WSC,0+,204853,15403,0.075190502,71,3.3,,0.115331482,,,
SZ,SZ,P8219979.jpg,WSC,0+,292354,19730,0.067486677,81,5.5,,0.114262162,,,
SZ,SZ,P8219983.jpg,WSC,1+,721675,214835,0.297689403,144,33.2,3,0.281417536,,,
SZ,SZ,P8219985.jpg,DV,1+,482277,19472,0.040375137,126,19.7,2,0.047398072,,,
SZ,SZ,P8219989.jpg,WSC,0+,236905,30266,0.127755852,76,4.5,,0.14047403,,,
SZ,SZ,P8219993.jpg,WSC,0+,243165,13230,0.054407501,69,3,,0.035206547,,,
SZ,SZ,P8219996.jpg,WSC,1+,761569,173857,0.228287916,158,46.2,3,0.243362059,,,
SZ,SZ,P8219998.jpg,WSC,1+,526452,119714,0.227397749,119,15.2,3,0.214862893,,,
T49,T49,P8220461.jpg,DV,2+,524209,29131,0.055571347,115,14.3,2,0.054840722,,,
T49,T49,P8220463.jpg,DV,2+,635089,6797,0.010702437,130,22.1,3,0.013072184,,,
T49,T49,P8220465.jpg,DV,2+,608217,34420,0.056591644,127,19,2,0.112954751,,,
T49,T49,P8220467.jpg,DV,2+,916418,166449,0.181629999,144,31.4,3,0.22672405,,,
T49,T49,P8220469.jpg,DV,2+,854582,48199,0.056400673,115,15.6,3,0.053166343,,,
T49,T49,P8220471.jpg,DV,2+,419894,38511,0.091716005,125,20.1,2,0.080053537,,,
T49,T49,P8220473.jpg,WSC,1+,729090,172400,0.236459148,161,43.3,3,0.225356266,,,
T49,T49,P8220475.jpg,WSC,1+,660240,189273,0.286673028,125,18.7,2,0.306873258,,,
T49,T49,P8220477.jpg,DV,2+,601571,99438,0.165297197,105,13.3,3,0.155361545,,,
T49,T49,P8220479.jpg,DV,2+,565851,22688,0.040095361,102,9.5,3,0.047613241,,,
T49,T49,P8220481.jpg,WSC,0+,449730,14184,0.031538923,74,4.1,2,0.03323105,,,
T49,T49,P8220483.jpg,WSC,0+,580423,40087,0.069065147,75,4.2,,0.09056843,,,
T49,T49,P8220485.jpg,DV,2+,720901,9984,0.013849336,115,14.2,2,0.019784964,,,
T49,T49,P8220487.jpg,WSC,1+,658042,160843,0.244426648,134,24.1,2,0.256801238,,,
T49,T49,P8220489.jpg,DV,2+,724988,34051,0.046967674,115,15.1,2,0.114452929,,,
T49,T49,P8220491.jpg,WSC,1+,749407,125088,0.166915975,148,34.3,3,0.229856406,,,
T49,T49,P8220493.jpg,DV,2+,788840,42047,0.053302317,116,14.3,2,0.059241418,,,
T49,T49,P8220495.jpg,DV,2+,628465,125307,0.199385805,110,12.2,2,0.22937952,,,
T49,T49,P8220497.jpg,WSC,0+,428465,41856,0.097688259,68,3.2,2,0.1344964,,,
T49,T49,P8220499.jpg,WSC,1+,825827,384788,0.465942625,156,43.3,3,0.420440359,,,
T49,T49,P8220501.jpg,DV,2+,915481,71432,0.078026742,146,30.8,2,0.106602977,,,
T49,T49,P8220503.jpg,WSC,1+,800441,40400,0.050472177,187,69.9,3,0.069611627,,,
T49,T49,P8220505.jpg,WSC,1+,784772,312465,0.39816023,136,28.1,3,0.379580311,,,
T49,T49,P8220507.jpg,DV,2+,708422,41856,0.059083428,104,12.8,3,0.067115363,,,
T49,T49,P8220509.jpg,DV,2+,892089,33619,0.037685702,109,13.3,2,0.046120959,,,
T49,T49,P8220511.jpg,WSC,0+,494084,22427,0.045391067,76,4.4,,0.085102938,,,
T49,T49,P8220513.jpg,WSC,1+,764232,292846,0.383189921,135,24.6,3,0.335497598,,,
T49,T49,P8220515.jpg,WSC,0+,584779,20929,0.035789589,78,4.8,3,0.057743182,,,
T49,T49,P8220517.jpg,DV,2+,761200,106190,0.139503416,163,43.3,3,0.142457961,,,
T49,T49,P8220519.jpg,DV,2+,736077,43742,0.059425848,104,11.1,3,0.054332631,,,
T49,T49,P8220521.jpg,WSC,1+,922596,220702,0.239218466,167,46.1,2,0.263019783,,,
T49,T49,P8220523.jpg,DV,2+,766434,62465,0.081500821,142,37.3,2,0.095250211,,,
T49,T49,P8220525.jpg,DV,2+,861696,321353,0.372930825,168,49.2,2,0.3278929,,,
T49,T49,P8220527.jpg,WSC,1+,576218,118199,0.205128962,108,13.6,2,0.209453714,,,
T49,T49,P8220529.jpg,WSC,1+,902590,152891,0.169391418,151,35.4,2,0.189424877,,,
T49,T49,P8220531.jpg,DV,2+,803324,29746,0.037028646,127,21.3,3,0.049381072,,,
T49,T49,P8220533.jpg,DV,2+,922078,42567,0.046164207,146,39.7,2,0.054487798,,,
T49,T49,P8220535.jpg,DV,2+,818177,90982,0.111200877,128,21.7,3,0.136912917,,,
T49,T49,P8220537.jpg,DV,2+,694781,37995,0.054686297,122,18.5,2,0.06233475,,,
T49,T49,P8220539.jpg,WSC,1+,664087,137155,0.206531674,145,27.6,2,0.183608473,,,
T49,T49,P8220541.jpg,DV,2+,926722,24051,0.025952767,147,34.5,2,0.046211269,,,
T49,T49,P8220543.jpg,DV,2+,842973,204240,0.24228534,105,11.7,2,0.192249337,,,
T49,T49,P8220545.jpg,DV,2+,695718,7041,0.01012048,104,10.5,2,0.024584674,,,
T49,T49,P8220547.jpg,DV,2+,780859,249315,0.319282995,184,60.3,2,0.316601333,,,
T49,T49,P8220549.jpg,WSC,1+,660944,187852,0.284217725,132,21.5,2,0.291752403,,,
T49,T49,P8220551.jpg,DV,2+,692365,37338,0.053928203,104,12.5,2,0.059393528,,,
T49,T49,P8220553.jpg,DV,2+,625122,61944,0.099091057,101,9.1,2,0.104110878,,,
T49,T49,P8220555.jpg,WSC,0+,540211,72713,0.13460111,86,6.2,3,0.193137496,,,
T49,T49,P8220557.jpg,DV,2+,912362,259211,0.284109816,135,22.5,2,0.215209533,,,
T49,T49,P8220559.jpg,DV,2+,911930,326781,0.358340004,152,31.4,2,0.255072209,,,
T49,T49,P8220561.jpg,DV,2+,916054,243380,0.265683027,149,33.5,3,0.204715006,,,
T49,T49,P8220563.jpg,WSC,1+,744708,79341,0.106539744,155,36.3,3,0.184432019,,,
T49,T49,P8220565.jpg,DV,2+,896909,270103,0.301148723,106,12.1,2,0.205485729,,,
T49,T49,P8220568.jpg,WSC,1+,731822,250382,0.342135109,134,24.1,2,0.330982124,,,
T49,T49,P8220570.jpg,DV,2+,720412,256553,0.356119831,121,19.1,3,0.338710349,,,
T49,T49,P8220572.jpg,DV,2+,832475,299633,0.359930328,128,22.6,3,0.318410763,,,
T49,T49,P8220574.jpg,DV,2+,965053,129527,0.134217499,104,13.5,3,0.127204413,,,
T49,T49,P8220576.jpg,DV,2+,888369,13005,0.014639187,140,28.4,2,0.029119656,,,
T49,T49,P8220578.jpg,DV,2+,754297,95928,0.12717537,133,23.7,3,0.107260138,,,
T49,T49,P8220580.jpg,DV,2+,670443,11442,0.017066328,105,12.4,2,0.04268521,,,
T49,T49,P8220582.jpg,WSC,0+,693561,105339,0.151881377,79,5.1,2,0.177306682,,,
T49,T49,P8220584.jpg,DV,2+,739500,82074,0.110985801,121,16.3,2,0.106617985,,,
T49,T49,P8220586.jpg,WSC,1+,732414,208497,0.284670965,134,23.9,3,0.330800613,,,
T49,T49,P8220588.jpg,DV,2+,730825,51596,0.070599665,102,10.5,2,0.082205726,,,
T49,T49,P8220590.jpg,WSC,1+,681286,276717,0.406168628,155,37.2,3,0.429998562,,,
T49,T49,P8220592.jpg,WSC,1+,716187,210945,0.294538996,132,22.4,2,0.281631753,,,
T49,T49,P8220594.jpg,DV,2+,733074,103737,0.141509588,119,16.5,3,0.141655549,,,
T49,T49,P8220596.jpg,WSC,0+,486251,27744,0.057056952,77,4.4,3,0.097505198,,,
T49,T49,P8220598.jpg,DV,2+,614839,33377,0.054285756,105,11.6,3,0.060936278,,,
T49,T49,P8220603.jpg,WSC,1+,497762,152461,0.306292967,138,24.8,3,0.193432699,,,
T49,T49,P8220605.jpg,DV,2+,801012,14884,0.018581494,166,44.1,2,0.023859817,,,
T49,T49,P8220607.jpg,WSC,1+,854455,36978,0.043276709,128,22.1,2,0.062287657,,,
T49,T49,P8220609.jpg,DV,2+,769116,235513,0.306212587,108,12.1,3,0.269137555,,,
T50,T50,P8209783.jpg,WSC,1+,773642,196627,0.254157608,147,33,2,0.290986012,,,
T50,T50,P8209786.jpg,DV,2+,592446,112307,0.189564956,116,16,3,0.14747842,,,
T50,T50,P8209788.jpg,DV,2+,422886,10789,0.025512786,101,9.6,2,0.030615816,,,
T50,T50,P8209790.jpg,DV,2+,477790,22857,0.047839009,100,9.6,2,0.040413152,,,
T50,T50,P8209792.jpg,DV,2+,616522,35311,0.057274517,122,18.3,3,0.066339887,,,
T50,T50,P8209796.jpg,WSC,1+,523837,218892,0.417862808,128,20.9,2,0.316915376,,,
T50,T50,P8209798.jpg,WSC,1+,643397,246482,0.38309473,125,19.5,3,0.374634945,,,
T50,T50,P8209800.jpg,WSC,1+,532892,205402,0.385447708,143,26.8,2,0.41564895,,,
T50,T50,P8209802.jpg,DV,2+,572438,39309,0.068669445,117,15.4,3,0.066393216,,,
T50,T50,P8209805.jpg,DV,2+,863494,42258,0.048938383,194,69,2,0.048995129,,,
T50,T50,P8209808.jpg,DV,2+,851429,28141,0.033051493,150,31.9,3,0.03704478,,,
T50,T50,P8209810.jpg,WSC,1+,680049,171578,0.252302408,128,22.1,3,0.276038932,,,
T50,T50,P8209812.jpg,WSC,0+,709058,62136,0.087631759,79,4.6,3,0.010712695,,,
T50,T50,P8209816.jpg,DV,2+,717197,54796,0.076402997,155,37.8,2,0.07152707,,,
T50,T50,P8209819.jpg,DV,2+,424655,116473,0.274276766,103,11,3,0.051018393,,,
T50,T50,P8209821.jpg,DV,1+,653463,32328,0.049471814,112,14.1,3,0.052967039,,,
T50,T50,P8209823.jpg,WSC,0+,455849,55167,0.121020338,82,5.6,2,0.09667675,,,
T50,T50,P8209826.jpg,WSC,1+,693693,152509,0.219850856,116,16.4,3,0.269149321,,,
T50,T50,P8209829.jpg,WSC,0+,238709,15726,0.065879376,68,3.3,3,0.072213448,,,
T50,T50,P8209832.jpg,WSC,1+,610778,268479,0.439565603,151,34.4,3,0.439565603,,,
T50,T50,P8209835.jpg,DV,2+,550655,167198,0.303634762,118,18.6,3,0.243686156,,,
T50,T50,P8209839.jpg,WSC,1+,523167,155861,0.297918256,112,13.6,2,0.200712201,,,
T50,T50,P8209846.jpg,DV,2+,714445,34439,0.048203851,186,58.8,3,0.049277411,,,
T50,T50,P8209849.jpg,WSC,0+,200310,6429,0.032095252,63,2.4,2,0.016808946,,,
T50,T50,P8209854.jpg,DV,2+,829121,34807,0.041980604,155,35.5,2,0.032997596,,,
T50,T50,P8209857.jpg,WSC,1+,626361,151883,0.242484765,143,30.5,3,0.282008299,,,
T50,T50,P8209860.jpg,WSC,1+,634426,175455,0.276557077,130,21.7,2,0.327409343,,,
T50,T50,P8209863.jpg,WSC,1+,510274,107773,0.211206136,126,19.5,2,0.257375449,,,
T50,T50,P8209868.jpg,DV,2+,564593,16560,0.029330863,98,8.9,2,0.009605149,,,
T50,T50,P8209872.jpg,WSC,0+,376925,14570,0.038654905,72,3.6,2,0.021412748,,,
T50,T50,P8209875.jpg,DV,2+,646268,40427,0.062554544,167,46.1,2,0.043672285,,,
T50,T50,P8209878.jpg,DV,2+,594540,24410,0.041056952,175,46.9,2,0.032862381,,,
T50,T50,P8209880.jpg,DV,2+,474785,16521,0.034796803,123,17.9,2,0.028779342,,,
T50,T50,P8209884.jpg,DV,2+,753687,13089,0.017366626,141,28.1,2,0.020986165,,,
T50,T50,P8209887.jpg,DV,2+,654213,30978,0.047351551,113,14.1,3,0.043981089,,,
T50,T50,P8209891.jpg,DV,2+,657608,30879,0.046956546,109,13.4,3,0.038602024,,,
T50,T50,P8209894.jpg,WSC,1+,831043,277486,0.333900893,168,44.7,3,0.323357516,,,
T50,T50,P8209900.jpg,DV,2+,796397,57998,0.072825488,192,63.8,3,0.142693908,,,
T50,T50,P8209905.jpg,DV,2+,630106,38581,0.06122938,174,53.9,2,0.074214497,,,
T50,T50,P8209908.jpg,DV,2+,655367,29114,0.044423964,166,45.4,3,0.038657729,,,
T50,T50,P8209912.jpg,DV,2+,683169,52350,0.076628184,122,19.3,2,0.085882117,,,
T50,T50,P8209915.jpg,WSC,1+,785400,222315,0.283059587,178,60.7,3,0.137012987,,,
T50,T50,P8209919.jpg,DV,2+,721543,293582,0.40688081,150,40.1,2,0.366416139,,,
T50,T50,P8209922.jpg,DV,2+,737503,16624,0.022540925,159,37.8,2,0.027633786,,,
T50,T50,P8209926.jpg,DV,1+,559258,15776,0.028208805,103,13,3,0.030790798,,,
T50,T50,P8209930.jpg,WSC,1+,682859,270157,0.39562633,130,21.3,3,0.380257125,,,
T50,T50,P8209933.jpg,WSC,1+,558979,162809,0.291261389,117,14.8,2,0.301440662,,,
TS,TS,P8210108.jpg,WSC,0+,292603,15717,0.053714419,78,3.8,,0.080337174,,,
TS,TS,P8210113.jpg,WSC,0+,512851,30658,0.059779546,61,2.1,3,0.051950937,,,
TS,TS,P8210115.jpg,WSC,0+,524093,95050,0.181360942,72,3.4,2,0.141671421,,,
TS,TS,P8210117.jpg,WSC,0+,311775,6741,0.021621362,54,1.4,2,0.021817015,,,
TS,TS,P8210119.jpg,WSC,0+,554090,22970,0.041455359,67,2.8,3,0.019112419,,,
TS,TS,P8210121.jpg,WSC,1+,474330,53940,0.113718297,98,9,2,0.191777876,,,
TS,TS,P8210123.jpg,WSC,0+,363550,12300,0.033833035,73,3.6,2,0.052749278,,,
TS,TS,P8210125.jpg,WSC,0+,344439,25300,0.073452774,65,2.5,3,0.089618191,,,
TS,TS,P8210127.jpg,DV,2+,446884,28506,0.063788366,102,9.5,2,0.051474208,,,
TS,TS,P8210129.jpg,WSC,0+,381934,24932,0.065278294,82,5.7,2,0.115394283,,,
TS,TS,P8210131.jpg,WSC,0+,341817,22458,0.065701823,75,3.6,,0.065693046,,,
TS,TS,P8210134.jpg,DV,2+,439710,150227,0.341650179,120,16.5,2,0.318298424,,,
TS,TS,P8210136.jpg,WSC,0+,382525,28650,0.074897066,75,3.8,,0.121215607,,,
TS,TS,P8210138.jpg,WSC,0+,468663,27832,0.059385955,75,3.9,3,0.073161312,,,
TS,TS,P8210141.jpg,WSC,0+,342029,14850,0.043417371,68,2.9,2,0.056044955,,,
TS,TS,P8210143.jpg,WSC,0+,358980,21124,0.058844504,75,4,3,0.077065575,,,
TS,TS,P8210146.jpg,DV,2+,498158,27014,0.054227775,112,12.3,3,0.049765335,,,
TS,TS,P8210148.jpg,DV,2+,489194,39028,0.07978021,110,13.7,2,0.140874581,,,
TS,TS,P8210151.jpg,DV,2+,395139,16083,0.040702133,109,13.3,3,0.048618334,,,
TS,TS,P8210154.jpg,WSC,0+,301733,23982,0.079480866,71,3.7,,0.113481124,,,
TS,TS,P8210156.jpg,WSC,0+,300656,6330,0.021053962,71,3.2,,0.007646613,,,
TS,TS,P8210158.jpg,WSC,0+,349004,5975,0.017120148,70,3.2,,0.017014132,,,
TS,TS,P8210160.jpg,WSC,0+,437458,64008,0.146318047,68,3.1,3,0.151219088,,,
TS,TS,P8210162.jpg,WSC,0+,453261,94343,0.20814277,79,4.5,2,0.223875427,,,
TS,TS,P8210164.jpg,WSC,0+,344650,18897,0.054829537,72,3.3,2,0.066687944,,,
TS,TS,P8210166.jpg,WSC,0+,355964,15433,0.043355508,65,2.7,,0.040703554,,,
TS,TS,P8210168.jpg,WSC,0+,366240,35419,0.096709808,70,3,3,0.139263871,,,
TS,TS,P8210171.jpg,DV,0+,499572,5425,0.010859296,83,5.4,2,0.031186696,,,
TS,TS,P8210173.jpg,DV,0+,214749,7771,0.036186432,52,1.2,2,0.032451839,,,
TS,TS,P8210176.jpg,DV,2+,577247,19239,0.033328887,118,17.1,2,0.035887584,,,
TS,TS,P8210178.jpg,DV,2+,436720,28081,0.06429978,107,12.6,3,0.069188496,,,
TS,TS,P8210180.jpg,DV,2+,421306,18297,0.043429241,117,17,2,0.051819817,,,
TS,TS,P8210182.jpg,DV,2+,382852,18425,0.048125646,104,11.6,2,0.059866476,,,
TS,TS,P8210185.jpg,DV,2+,300864,18086,0.06011354,111,12.9,2,0.070380637,,,
TS,TS,P8210187.jpg,DV,2+,438994,20394,0.046456216,104,10.9,3,0.057511037,,,
TS,TS,P8210189.jpg,DV,2+,500347,351,0.000701513,104,10.1,2,0.007710649,,,
TS,TS,P8210191.jpg,DV,2+,571005,106235,0.186049159,113,13.4,2,0.190131435,,,
TS,TS,P8210194.jpg,WSC,1+,419902,62726,0.149382475,87,5.9,2,0.200399141,,,
TS,TS,P8210197.jpg,DV,2+,539003,127867,0.237228735,136,24.4,3,0.229533045,,,
TS,TS,P8210199.jpg,WSC,1+,349354,58947,0.16873143,105,11.4,3,0.216948997,,,
TS,TS,P8210202.jpg,DV,1+,424768,4152,0.009774748,88,6,2,0.019375283,,,
TS,TS,P8210208.jpg,WSC,1+,457483,119664,0.261570375,122,18.6,3,0.289977988,,,
TS,TS,P8210210.jpg,DV,2+,668556,164451,0.245979394,136,24.9,2,0.235528512,,,
TS,TS,P8210212.jpg,DV,2+,711490,19997,0.028105806,135,26.1,2,0.038294284,,,
TS,TS,P8210215.jpg,WSC,1+,632916,172382,0.272361577,128,20.8,2,0.285832559,,,
TS,TS,P8210219.jpg,DV,2+,595092,11633,0.019548238,145,30.6,2,0.021463908,,,
TS,TS,P8210223.jpg,DV,2+,752161,12372,0.016448606,162,40.8,2,0.025154189,,,
TS,TS,P8210228.jpg,WSC,1+,560008,85285,0.152292467,109,13.3,,0.186393766,,,
TS,TS,P8210237.jpg,DV,2+,572922,91660,0.159986874,108,11.7,3,0.155382408,,,
TS,TS,P8210239.jpg,DV,0+,373471,9513,0.025471857,63,2.7,3,0.035890337,,,
TS,TS,P8210242.jpg,DV,1+,612201,20138,0.032894425,92,7.6,3,0.043480818,,,
TS,TS,P8210244.jpg,DV,2+,641398,118130,0.184175816,118,15.2,3,0.143332221,,,
TS,TS,P8210246.jpg,DV,2+,542247,21518,0.039683023,102,10.8,2,0.049838911,,,
TS,TS,P8210248.jpg,DV,0+,356095,4224,0.011862003,62,2.2,3,0.009994524,,,
TS,TS,P8210250.jpg,DV,0+,343451,12823,0.037335748,64,2.4,3,0.053541844,,,
TS,TS,P8210252.jpg,DV,1+,467801,11704,0.025019186,100,9.2,2,0.027545901,,,
TS,TS,P8210254.jpg,DV,1+,499014,7708,0.01544646,101,10.5,3,0.018137768,,,
TS,TS,P8210256.jpg,DV,0+,333991,4501,0.013476411,55,1.5,2,0.023551533,,,
TS,TS,P8210259.jpg,DV,2+,589750,64640,0.109605765,102,10.6,2,0.110050021,,,
TS,TS,P8210262.jpg,DV,1+,635782,22358,0.035166142,98,8,2,0.042731628,,,
TS,TS,P8210264.jpg,DV,1+,507827,13378,0.026343617,91,6,2,0.012825234,,,
TS,TS,P8210266.jpg,DV,0+,377836,6039,0.015983125,65,2.6,2,0.037661843,,,
TS,TS,P8210269.jpg,DV,2+,682314,127878,0.18741811,114,14.9,2,0.214029025,,,
TS,TS,P8210273.jpg,DV,1+,622509,24430,0.039244413,82,4.7,2,0.048073201,,,
TS,TS,P8210275.jpg,DV,2+,710944,40133,0.056450297,101,10.9,3,0.064998087,,,
TS,TS,P8210277.jpg,DV,2+,794051,139787,0.176042849,98,8.8,3,0.166596352,,,
TS,TS,P8210279.jpg,DV,0+,414789,11376,0.027425992,57,1.9,2,0.029301645,,,
TS,TS,P8210283.jpg,DV,0+,421627,17964,0.04260638,66,2.6,2,0.050561278,,,
TS,TS,P8210285.jpg,DV,1+,641474,48587,0.075742742,87,5.7,2,0.061536399,,,
TS,TS,P8210287.jpg,DV,1+,542473,29814,0.054959417,93,7.9,3,0.040538423,,,
TS,TS,P8210290.jpg,DV,2+,641982,176641,0.275149459,103,10.2,3,0.246084781,,,
TS,TS,P8210292.jpg,DV,0+,453223,7003,0.015451555,65,2.6,2,0.017276264,,,
TS,TS,P8210294.jpg,DV,0+,410073,13369,0.032601512,66,2.6,3,0.034920612,,,
TS,TS,P8210296.jpg,DV,0+,446326,49573,0.111069039,63,2.4,2,0.104475204,,,
TS,TS,P8210298.jpg,DV,2+,756216,10413,0.013769875,102,9.9,2,0.031299258,,,
TS,TS,P8210301.jpg,DV,0+,440123,14659,0.033306598,65,2.3,3,0.037487248,,,
TS,TS,P8210304.jpg,DV,0+,468589,9959,0.021253166,66,2.7,3,0.019755052,,,
TS,TS,P8210306.jpg,DV,2+,674676,28363,0.042039438,121,17.4,2,0.051398004,,,
TS,TS,P8210308.jpg,DV,1+,413501,4005,0.009685587,99,9.1,2,0.031327615,,,
TS,TS,P8210311.jpg,DV,2+,625276,59808,0.095650561,109,13.6,3,0.135247475,,,
TS,TS,P8210314.jpg,DV,2+,713343,183814,0.257679686,140,26.8,3,0.249724186,,,
SZ_MandD_MST50,Oct,PA091001.jpg,WSC,1+,706567,12407,0.017594341,248,133.3,1,,,,
SZ_MandD_MST50,Oct,PA091003.jpg,WSC,1+,954898,29676,0.031077665,227,112.3,,,,,
SZ_MandD_MST50,Oct,PA091005.jpg,WSC,1+,780733,282553,0.361907336,161,42.3,,,,,
SZ_MandD_MST50,Oct,PA091008.jpg,WSC,0+,382468,29453,0.07701,86,6,,,,,
SZ_MandD_MST50,Oct,PA091010.jpg,DV,2+,655603,184628,0.281615551,137,21.6,,,,,
SZ_MandD_MST50,Oct,PA091012.jpg,WSC,1+,594208,227423,0.382732982,140,26.6,,,,,
SZ_MandD_MST50,Oct,PA091014.jpg,WSC,1+,805407,229941,0.28549665,144,29.4,1,,,,
SZ_MandD_MST50,Oct,PA091016.jpg,WSC,1+,904781,218526,0.241523639,145,32.7,1,,,,
SZ_MandD_MST50,Oct,PA091018.jpg,WSC,1+,855971,246721,0.288235232,139,26.4,,,,,
SZ_MandD_MST50,Oct,PA091020.jpg,WSC,1+,914992,204606,0.22361507,173,48.5,1,,,,
SZ_MandD_MST50,Oct,PA091022.jpg,WSC,1+,823916,183021,0.222135509,136,26.5,,,,,
SZ_MandD_MST50,Oct,PA091024.jpg,WSC,1+,529367,99500,0.187960338,98,9,,,,,
SZ_MandD_MST50,Oct,PA091026.jpg,WSC,1+,664040,275053,0.414211493,143,30.5,1,,,,
SZ_MandD_MST50,Oct,PA091028.jpg,WSC,1+,668229,159005,0.237949864,109,13.3,,,,,
SZ_MandD_MST50,Oct,PA091030.jpg,WSC,0+,450952,79064,0.17543,88,6.6,,,,,
SZ_MandD_MST50,Oct,PA091034.jpg,WSC,1+,892496,10062,0.011274,342,350,0,,,,
SZ_MandD_MST50,Oct,PA091039.jpg,WSC,1+,1051237,23331,0.022193854,430,640,1,,,,
SZ_MandD_MST50,Oct,PA091044.jpg,WSC,1+,910685,8022,0.008808754,404,500,0,,,,
SZ_MandD_MST50,Oct,PA091049.jpg,WSC,1+,478990,111168,0.232088353,140,25.9,,,,,
SZ_MandD_MST50,Oct,PA091051.jpg,WSC,1+,546243,159908,0.292741509,102,10.5,,,,,
SZ_MandD_MST50,Oct,PA091053.jpg,WSC,1+,413719,100277,0.242379489,90,7.7,,,,,
SZ_MandD_MST50,Oct,PA091055.jpg,WSC,1+,709682,260529,0.367106676,150,32.6,,,,,
SZ_MandD_MST50,Oct,PA091057.jpg,WSC,1+,579464,64424,0.111178606,127,20.3,,,,,
SZ_MandD_MST50,Oct,PA091059.jpg,DV,2+,449331,85251,0.18972873,135,22.5,,,,,
SZ_MandD_MST50,Oct,PA091061.jpg,WSC,1+,697042,167586,0.240424537,113,13.6,,,,,
SZ_MandD_MST50,Oct,PA091063.jpg,WSC,1+,812112,139385,0.17163273,122,16.8,,,,,
SZ_MandD_MST50,Oct,PA091065.jpg,WSC,1+,1111644,201522,0.181282857,160,45.7,,,,,
SZ_MandD_MST50,Oct,PA091068.jpg,WSC,1+,810244,346407,0.427534175,158,41.6,1,,,,
SZ_MandD_MST50,Oct,PA091070.jpg,WSC,1+,994269,77898,0.078347007,146,32.3,,,,,
SZ_MandD_MST50,Oct,PA091072.jpg,WSC,1+,715848,143731,0.200784245,131,23.9,,,,,
SZ_MandD_MST50,Oct,PA091074.jpg,WSC,1+,774294,50978,0.065838041,161,40.4,,,,,
SZ_MandD_MST50,Oct,PA091076.jpg,WSC,1+,887201,47656,0.053714998,200,78.3,2,,,,
SZ_MandD_MST50,Oct,PA091078.jpg,WSC,1+,586129,23756,0.040530327,158,36.1,2,,,,
SZ_MandD_MST50,Oct,PA091080.jpg,WSC,1+,743020,27483,0.036988237,160,39.4,3,,,,
SZ_MandD_MST50,Oct,PA091082.jpg,DV,2+,859412,38717,0.045050569,152,36.7,2,,,,
SZ_MandD_MST50,Oct,PA091084.jpg,WSC,1+,640225,52356,0.0817775,161,38.6,3,,,,
SZ_MandD_MST50,Oct,PA091086.jpg,WSC,1+,846309,83835,0.099059563,163,41.5,2,,,,
SZ_MandD_MST50,Oct,PA091088.jpg,WSC,1+,528961,35896,0.067861336,153,38,2,,,,
SZ_MandD_MST50_re,Oct,PA091090.jpg,DV,2+,882606,79365,0.089921211,127,19,,,,,2
SZ_MandD_MST50_re,Oct,PA091094.jpg,WSC,1+,1004472,6093,0.006066073,304,287.5,1,,,,
SZ_up,Oct,PA090801.jpg,DV,2+,489818,184063,0.37577835,128,19.9,1,0.264357374,,,
SZ_up,Oct,PA090804.jpg,DV,2+,442208,85917,0.194290922,132,22.1,3,0.083315996,,,
SZ_up,Oct,PA090806.jpg,DV,2+,480620,59297,0.123376056,100,9.7,1,0.061037826,,,
SZ_up,Oct,PA090808.jpg,DV,2+,540658,215344,0.398299849,116,15.4,1,0.285085951,,,
SZ_up,Oct,PA090810.jpg,DV,0+,296539,14213,0.047929615,79,4.9,3,0.038892018,,,
SZ_up,Oct,PA090812.jpg,DV,1+,398994,25719,0.064459616,86,5.4,2,0.060832995,,,
SZ_up,Oct,PA090814.jpg,DV,2+,538021,209192,0.388817537,132,19.9,3,0.299421398,,,
SZ_up,Oct,PA090816.jpg,DV,2+,584439,202258,0.346072045,164,37.3,1,0.185158759,,,
SZ_up,Oct,PA090818.jpg,DV,2+,500282,125376,0.250610656,116,12.9,1,0.200486925,,,
SZ_up,Oct,PA090820.jpg,DV,1+,397214,19813,0.049879914,94,7.5,3,0.049431792,,,
SZ_up,Oct,PA090822.jpg,DV,0+,238847,8919,0.037341897,63,2.5,3,0.037249788,,,
SZ_up,Oct,PA090824.jpg,DV,2+,662657,104397,0.157543043,180,40.9,0,0.060105002,,,
SZ_up,Oct,PA090826.jpg,DV,2+,419309,22159,0.052846469,95,7.2,3,0.045789621,,,
SZ_up,Oct,PA090828.jpg,DV,2+,709212,246798,0.347989036,155,33.8,1,0.249767347,,,
SZ_up,Oct,PA090830.jpg,DV,0+,222001,11879,0.053508768,65,2.3,3,0.051837604,,,
SZ_up,Oct,PA090832.jpg,DV,2+,556081,203533,0.366013225,116,14.7,2,0.269494912,,,
SZ_up,Oct,PA090834.jpg,DV,0+,181420,7810,0.043049278,57,1.6,,0.027907618,,,
SZ_up,Oct,PA090836.jpg,WSC,1+,508003,213474,0.420221928,120,16.2,3,0.305608431,,,
SZ_up,Oct,PA090838.jpg,DV,2+,485337,110653,0.227992096,124,17.7,1,0.085410756,,,
SZ_up,Oct,PA090840.jpg,DV,2+,706564,92729,0.13123935,158,30.5,2,0.073853182,,,
SZ_up,Oct,PA090842.jpg,DV,2+,447736,156295,0.349078475,110,12.3,2,0.288777315,,,
SZ_up,Oct,PA090845.jpg,DV,2+,490576,125444,0.255707576,112,13.5,3,0.122735315,,,
SZ_up,Oct,PA090847.jpg,DV,2+,653957,37430,0.057236179,108,11.5,2,0.04619111,,,
SZ_up,Oct,PA090849.jpg,DV,2+,597764,196487,0.328703301,126,18.4,1,0.220647279,,,
SZ_up,Oct,PA090851.jpg,DV,0+,305531,16830,0.055084427,73,3.7,,0.050996462,,,
SZ_up,Oct,PA090854.jpg,DV,2+,749598,183020,0.244157535,177,42.6,0,0.150760808,,,
SZ_up,Oct,PA090856.jpg,DV,1+,453654,26126,0.057590146,92,7.1,3,0.055451952,,,
SZ_up,Oct,PA090858.jpg,DV,2+,768426,317110,0.41267474,136,22.6,2,0.332694365,,,
SZ_up,Oct,PA090860.jpg,DV,2+,633660,143612,0.226638892,109,11.7,2,0.078505823,,,
SZ_up,Oct,PA090862.jpg,DV,1+,410735,17616,0.042888967,88,6.6,3,0.04204414,,,
SZ_up,Oct,PA090864.jpg,DV,1+,407506,30025,0.073679897,84,5.2,3,0.072602612,,,
SZ_up,Oct,PA090866.jpg,DV,1+,445148,27349,0.061437994,87,5.5,3,0.059566706,,,
SZ_up,Oct,PA090868.jpg,DV,1+,432000,33195,0.076840278,88,5.8,3,0.059601852,,,
SZ_up,Oct,PA090870.jpg,DV,2+,715669,360998,0.50442034,150,30.4,1,0.356224735,,,
SZ_up,Oct,PA090872.jpg,DV,1+,356881,18205,0.051011402,78,4.2,2,0.046923204,,,
SZ_up,Oct,PA090874.jpg,DV,1+,410895,20258,0.049302133,84,5.7,3,0.048615826,,,
SZ_up,Oct,PA090876.jpg,DV,1+,381242,25325,0.066427623,81,4.5,2,0.041081518,,,
SZ_up,Oct,PA090878.jpg,DV,1+,271865,12908,0.047479448,77,4.6,3,0.044455888,,,
SZ_up,Oct,PA090880.jpg,DV,1+,327814,15886,0.048460407,82,4.6,2,0.047865558,,,
SZ_up,Oct,PA090882.jpg,DV,2+,764031,225025,0.29452339,162,37,1,0.418025289,,,
SZ_up,Oct,PA090884.jpg,DV,1+,441503,22523,0.051014376,85,5.3,3,0.069762817,,,
SZ_up,Oct,PA090886.jpg,DV,0+,300660,16980,0.056475753,76,3.8,,0.083174534,,,
SZ_up,Oct,PA090888.jpg,DV,0+,314263,22941,0.072999367,85,3.8,,0.064668765,,,
SZ_up,Oct,PA090890.jpg,DV,2+,817658,283445,0.346654714,141,25.2,1,0.154987782,,,
SZ_up,Oct,PA090892.jpg,DV,0+,346053,24196,0.069919926,75,3.3,,0.068862284,,,
SZ_up,Oct,PA090894.jpg,DV,1+,473111,21014,0.044416638,88,6,3,0.044260226,,,
SZ_up,Oct,PA090896.jpg,DV,2+,970204,224562,0.231458539,182,63.9,0,0.085635598,,,
SZ_up,Oct,PA090898.jpg,DV,2+,498212,142319,0.285659518,103,10,2,0.201271748,,,
SZ_up,Oct,PA090900.jpg,DV,2+,806027,89276,0.110760558,148,30.5,0,0.071057173,,,
SZ_up,Oct,PA090902.jpg,DV,2+,508898,34024,0.066858192,104,9.6,2,0.056875838,,,
SZ_up,Oct,PA090904.jpg,DV,0+,177498,13533,0.076243113,68,2.3,,0.066434551,,,
SZ_up,Oct,PA090907.jpg,DV,2+,820697,293210,0.357269492,156,32.9,2,0.265067376,,,
SZ_up,Oct,PA090909.jpg,DV,2+,622123,277913,0.446717128,138,24.3,3,0.36422058,,,
SZ_up,Oct,PA090911.jpg,DV,1+,358477,37080,0.103437599,84,5.1,3,0.079212892,,,
SZ_up,Oct,PA090913.jpg,DV,2+,631795,216012,0.341902041,128,20.3,1,0.228689686,,,
SZ_up,Oct,PA090915.jpg,DV,1+,353853,21849,0.061745979,80,4.4,2,0.057133895,,,
SZ_up,Oct,PA090917.jpg,DV,2+,737787,277699,0.376394542,185,48.2,0,0.226133017,,,
SZ_up,Oct,PA090920.jpg,DV,2+,615366,252087,0.409653767,141,24.2,2,0.242925348,,,
SZ_up,Oct,PA090922.jpg,DV,2+,569023,205413,0.360992438,125,16.6,1,0.229653283,,,
SZ_up,Oct,PA090924.jpg,DV,1+,378136,68843,0.182058836,86,5.6,3,0.067071107,,,
SZ_up,Oct,PA090926.jpg,DV,1+,405256,16726,0.041272677,87,6.3,2,0.040137592,,,
SZ_up,Oct,PA090928.jpg,DV,0+,283267,19177,0.067699379,73,3.2,,0.066040167,,,
SZ_up,Oct,PA090930.jpg,DV,1+,452179,31500,0.069662678,85,5.7,2,0.067575009,,,
SZ_up,Oct,PA090932.jpg,WSC,,966300,142780,0.147787437,185,55.2,,0.147787437,,,
SZ_up,Oct,PA090934.jpg,DV,0+,313919,17671,0.056291591,69,2.3,,0.04640369,,,
SZ_up,Oct,PA090936.jpg,DV,2+,609667,197744,0.324347554,127,19.6,1,0.227179756,,,
SZ_up,Oct,PA090938.jpg,DV,1+,234498,22351,0.095314246,83,5,3,0.085736339,,,
SZ_up,Oct,PA090940.jpg,DV,1+,616197,47663,0.077350263,105,11.2,2,0.068629026,,,
SZ_up,Oct,PA090942jpg.jpg,DV,0+,368249,23645,0.064209271,82,4.4,,0.061933637,,,
SZ_up,Oct,PA090944.jpg,DV,2+,911800,43972,0.048225488,193,69.9,2,0.04449331,,,
SZ_up,Oct,PA090946.jpg,DV,2+,537556,116050,0.215884485,118,14.4,3,0.164939095,,,
SZ_up,Oct,PA090948.jpg,DV,0+,315323,25199,0.079914881,79,3.9,,0.060874088,,,
SZ_up,Oct,PA090950.jpg,DV,1+,386416,126725,0.327949671,102,9.3,2,0.247870171,,,
SZ_up,Oct,PA090952.jpg,DV,1+,500282,26555,0.053080063,93,8.8,3,0.052148588,,,
SZ_up,Oct,PA090954.jpg,DV,2+,688830,245054,0.35575396,159,33.6,2,0.282659225,,,
SZ_up,Oct,PA090956.jpg,DV,2+,711256,276309,0.388480378,131,22.8,1,0.282439797,,,
SZ_up,Oct,PA090958.jpg,DV,2+,710615,261258,0.367650556,129,18.7,2,0.275899045,,,
SZ_up,Oct,PA090960.jpg,DV,2+,603047,36707,0.060869219,131,19.7,3,0.050024293,,,
SZ_up,Oct,PA090963.jpg,DV,2+,597138,217456,0.364163728,149,35.9,1,0.274140986,,,
SZ_up,Oct,PA090965.jpg,DV,2+,571282,158845,0.27805007,120,16,2,0.148075731,,,
SZ_up,Oct,PA090967.jpg,DV,0+,286316,17446,0.060932676,75,3.5,,0.100011736,,,
SZ_up,Oct,PA090969.jpg,DV,0+,333277,17732,0.053204992,79,4.5,,0.082317762,,,
SZ_up,Oct,PA090971.jpg,DV,2+,581449,148447,0.25530528,120,15.4,2,0.205627665,,,
SZ_up,Oct,PA090973.jpg,DV,0+,346043,71533,0.206717084,70,2.9,,0.134598879,,,
SZ_up,Oct,PA090975.jpg,DV,1+,417675,126414,0.30266116,93,7.1,3,0.2519423,,,
SZ_up,Oct,PA090977.jpg,DV,2+,449170,162798,0.362441837,99,9.8,2,0.300015584,,,
SZ_up,Oct,PA090979.jpg,DV,2+,652774,261862,0.401152619,135,21.8,1,0.293904169,,,
SZ_up,Oct,PA090981.jpg,DV,0+,320301,34982,0.109216019,74,3.3,,0.051966744,,,
SZ_up,Oct,PA090983.jpg,DV,1+,339781,64566,0.190022397,86,5.4,2,0.078833131,,,
SZ_up,Oct,PA090986.jpg,DV,2+,929786,41109,0.0442134,180,57.5,0,0.034968262,,,
SZ_up,Oct,PA090992.jpg,WSC,,540224,16690,0.030894592,316,270,1,0.018594139,,,
SZ_up,Oct,PA090995.jpg,WSC,,948468,5528,0.005828241,408,540,1,0.07065156,,,
